	0-RawData	1-FilterAndTrim	2-ErrorModel	3.1-Dereplication	3.2-Denoising	4-ESV	5-MultipleSequenceAlignment	6-ChimeraRemoval	7-PreClassification	8-Clustering_97	9-TaxaFilter_97	10-MultipletonsFilter_97	11-Subsampling_97	12-Lulu_97
16S_1	56685	46807	46807	46807 (13243 uniques)	45735 (338 uniques)	43854 (252 uniques)	25699 (242 uniques)	25507 (236 uniques)	25507 (236 uniques)	25507 (211 uniques)	20872 (190 uniques)	20862 (185 uniques)	5000 (154 uniques)	5000 (154 uniques)
16S_10	97975	86411	86411	86411 (32892 uniques)	85291 (450 uniques)	82543 (390 uniques)	82532 (387 uniques)	80601 (334 uniques)	80601 (334 uniques)	80601 (286 uniques)	69940 (283 uniques)	69940 (283 uniques)	5000 (210 uniques)	5000 (210 uniques)
16S_100	114779	99619	99619	99619 (44301 uniques)	96131 (1468 uniques)	89140 (1310 uniques)	89026 (1172 uniques)	87119 (1130 uniques)	87119 (1130 uniques)	87119 (906 uniques)	86742 (874 uniques)	86732 (869 uniques)	5000 (508 uniques)	5000 (508 uniques)
16S_101	126440	110493	110493	110493 (44373 uniques)	107094 (1071 uniques)	100294 (1040 uniques)	100101 (861 uniques)	97547 (811 uniques)	97547 (811 uniques)	97547 (564 uniques)	96825 (527 uniques)	96813 (521 uniques)	5000 (292 uniques)	5000 (292 uniques)
16S_102	123415	106310	106310	106310 (39702 uniques)	103988 (798 uniques)	99009 (742 uniques)	98991 (664 uniques)	94604 (560 uniques)	94604 (560 uniques)	94604 (418 uniques)	93151 (396 uniques)	93139 (390 uniques)	5000 (244 uniques)	5000 (244 uniques)
16S_103	185548	164739	164739	164739 (61217 uniques)	160861 (1765 uniques)	151508 (1711 uniques)	151365 (1456 uniques)	147780 (1382 uniques)	147780 (1382 uniques)	147780 (1021 uniques)	145463 (954 uniques)	145443 (944 uniques)	5000 (411 uniques)	5000 (410 uniques)
16S_104	132363	114901	114901	114901 (46870 uniques)	111680 (1268 uniques)	104340 (1031 uniques)	103731 (990 uniques)	99865 (892 uniques)	99865 (892 uniques)	99865 (740 uniques)	99609 (727 uniques)	99583 (714 uniques)	5000 (397 uniques)	5000 (397 uniques)
16S_105	165796	145061	145061	145061 (56667 uniques)	141924 (1518 uniques)	133256 (1471 uniques)	133149 (1246 uniques)	130225 (1191 uniques)	130225 (1191 uniques)	130225 (887 uniques)	128604 (831 uniques)	128592 (825 uniques)	5000 (413 uniques)	5000 (413 uniques)
16S_106	103134	89946	89946	89946 (40482 uniques)	86937 (1437 uniques)	80438 (1219 uniques)	80412 (1136 uniques)	79307 (1104 uniques)	79307 (1104 uniques)	79307 (884 uniques)	79107 (862 uniques)	79095 (856 uniques)	5000 (538 uniques)	5000 (536 uniques)
16S_107	165219	145137	145137	145137 (56261 uniques)	141078 (1473 uniques)	131831 (1459 uniques)	131772 (1200 uniques)	127216 (1092 uniques)	127216 (1092 uniques)	127216 (782 uniques)	125761 (723 uniques)	125739 (712 uniques)	5000 (351 uniques)	5000 (350 uniques)
16S_108	120073	103463	103463	103463 (46280 uniques)	100057 (1645 uniques)	92054 (1391 uniques)	91945 (1292 uniques)	90415 (1257 uniques)	90415 (1257 uniques)	90415 (1028 uniques)	90009 (993 uniques)	89999 (988 uniques)	5000 (588 uniques)	5000 (587 uniques)
16S_109	166893	147588	147588	147588 (60356 uniques)	143816 (1425 uniques)	134743 (1380 uniques)	134704 (1207 uniques)	131176 (1128 uniques)	131176 (1128 uniques)	131176 (813 uniques)	130495 (779 uniques)	130485 (774 uniques)	5000 (437 uniques)	5000 (436 uniques)
16S_11	136564	121747	121747	121747 (31787 uniques)	120719 (331 uniques)	118567 (272 uniques)	115835 (221 uniques)	115473 (201 uniques)	115473 (201 uniques)	115473 (182 uniques)	26080 (168 uniques)	26080 (168 uniques)	5000 (151 uniques)	5000 (150 uniques)
16S_110	145370	128287	128287	128287 (48140 uniques)	125098 (1453 uniques)	117824 (1411 uniques)	117741 (1201 uniques)	113967 (1136 uniques)	113967 (1136 uniques)	113967 (837 uniques)	113358 (794 uniques)	113346 (788 uniques)	5000 (369 uniques)	5000 (369 uniques)
16S_111	204408	172462	172462	172462 (61395 uniques)	167977 (1651 uniques)	158785 (1694 uniques)	158679 (1424 uniques)	154400 (1331 uniques)	154400 (1331 uniques)	154400 (946 uniques)	152865 (890 uniques)	152839 (877 uniques)	5000 (393 uniques)	5000 (393 uniques)
16S_112	275601	243607	243607	243607 (84008 uniques)	238809 (1790 uniques)	225905 (1917 uniques)	225768 (1517 uniques)	216884 (1342 uniques)	216884 (1342 uniques)	216884 (866 uniques)	215469 (809 uniques)	215437 (793 uniques)	5000 (292 uniques)	5000 (292 uniques)
16S_113	167889	144540	144540	144540 (62731 uniques)	140123 (1826 uniques)	130056 (1635 uniques)	129951 (1488 uniques)	126804 (1420 uniques)	126804 (1420 uniques)	126804 (1094 uniques)	126254 (1065 uniques)	126240 (1058 uniques)	5000 (552 uniques)	5000 (549 uniques)
16S_114	97748	85635	85635	85635 (35516 uniques)	83736 (1195 uniques)	78898 (1066 uniques)	72603 (1027 uniques)	71714 (995 uniques)	71714 (995 uniques)	71714 (832 uniques)	71330 (809 uniques)	71324 (806 uniques)	5000 (548 uniques)	5000 (547 uniques)
16S_115	128250	110466	110466	110466 (46286 uniques)	107048 (1143 uniques)	98657 (972 uniques)	98587 (911 uniques)	93155 (768 uniques)	93155 (768 uniques)	93155 (600 uniques)	92969 (587 uniques)	92946 (575 uniques)	5000 (358 uniques)	5000 (358 uniques)
16S_116	103506	90805	90805	90805 (39500 uniques)	88001 (1335 uniques)	81958 (1144 uniques)	81909 (1045 uniques)	80318 (1004 uniques)	80318 (1004 uniques)	80318 (797 uniques)	80201 (783 uniques)	80179 (772 uniques)	5000 (456 uniques)	5000 (455 uniques)
16S_117	126173	109010	109010	109010 (46183 uniques)	105285 (1240 uniques)	97987 (1096 uniques)	97846 (1039 uniques)	93941 (936 uniques)	93941 (936 uniques)	93941 (740 uniques)	93820 (722 uniques)	93807 (715 uniques)	5000 (437 uniques)	5000 (437 uniques)
16S_118	212001	184268	184268	184268 (72082 uniques)	180498 (2171 uniques)	170981 (2138 uniques)	170853 (1882 uniques)	167193 (1799 uniques)	167193 (1799 uniques)	167193 (1397 uniques)	166373 (1340 uniques)	166361 (1334 uniques)	5000 (623 uniques)	5000 (623 uniques)
16S_119	245812	215312	215312	215312 (82902 uniques)	211273 (2311 uniques)	200259 (2282 uniques)	200063 (2048 uniques)	195674 (1942 uniques)	195674 (1942 uniques)	195674 (1491 uniques)	195014 (1443 uniques)	195008 (1440 uniques)	5000 (591 uniques)	5000 (591 uniques)
16S_12	75683	62569	62569	62569 (10120 uniques)	62059 (178 uniques)	61654 (157 uniques)	24640 (151 uniques)	24297 (139 uniques)	24297 (139 uniques)	24297 (132 uniques)	24206 (126 uniques)	24206 (126 uniques)	5000 (104 uniques)	5000 (104 uniques)
16S_120	224349	196322	196322	196322 (74943 uniques)	192410 (1890 uniques)	182290 (1879 uniques)	182049 (1638 uniques)	176727 (1509 uniques)	176727 (1509 uniques)	176727 (1097 uniques)	173046 (1029 uniques)	173035 (1023 uniques)	5000 (430 uniques)	5000 (430 uniques)
16S_121	231729	200597	200597	200597 (81174 uniques)	196173 (2385 uniques)	184706 (2326 uniques)	184473 (2060 uniques)	180539 (1980 uniques)	180539 (1980 uniques)	180539 (1534 uniques)	179900 (1477 uniques)	179888 (1471 uniques)	5000 (637 uniques)	5000 (636 uniques)
16S_122	143103	127213	127213	127213 (49736 uniques)	124312 (1470 uniques)	117341 (1324 uniques)	117245 (1206 uniques)	113527 (1113 uniques)	113527 (1113 uniques)	113527 (875 uniques)	113075 (852 uniques)	113067 (848 uniques)	5000 (434 uniques)	5000 (434 uniques)
16S_123	127039	112664	112664	112664 (44478 uniques)	109187 (1181 uniques)	102455 (1156 uniques)	102398 (963 uniques)	99819 (897 uniques)	99819 (897 uniques)	99819 (656 uniques)	98931 (612 uniques)	98901 (597 uniques)	5000 (334 uniques)	5000 (334 uniques)
16S_124	122342	104831	104831	104831 (45815 uniques)	102127 (1353 uniques)	94789 (1208 uniques)	94625 (1094 uniques)	93519 (1057 uniques)	93519 (1057 uniques)	93519 (828 uniques)	92577 (789 uniques)	92551 (776 uniques)	5000 (479 uniques)	5000 (478 uniques)
16S_125	106511	93323	93323	93323 (40819 uniques)	90001 (1284 uniques)	83798 (1118 uniques)	83706 (1001 uniques)	81829 (963 uniques)	81829 (963 uniques)	81829 (763 uniques)	81435 (737 uniques)	81423 (731 uniques)	5000 (440 uniques)	5000 (439 uniques)
16S_126	178859	156381	156381	156381 (62143 uniques)	152847 (1980 uniques)	143824 (1817 uniques)	143669 (1644 uniques)	141424 (1588 uniques)	141424 (1588 uniques)	141424 (1253 uniques)	141041 (1221 uniques)	141025 (1213 uniques)	5000 (584 uniques)	5000 (583 uniques)
16S_127	242742	209800	209800	209800 (83917 uniques)	204752 (2371 uniques)	191528 (2241 uniques)	191380 (2006 uniques)	185777 (1856 uniques)	185777 (1856 uniques)	185777 (1408 uniques)	185086 (1358 uniques)	185072 (1351 uniques)	5000 (601 uniques)	5000 (599 uniques)
16S_128	150352	129223	129223	129223 (54692 uniques)	125323 (1723 uniques)	116634 (1518 uniques)	116550 (1398 uniques)	113671 (1319 uniques)	113671 (1319 uniques)	113671 (1042 uniques)	113313 (1012 uniques)	113295 (1003 uniques)	5000 (508 uniques)	5000 (506 uniques)
16S_129	128853	117629	117629	117629 (47155 uniques)	113988 (1722 uniques)	106688 (1491 uniques)	106606 (1400 uniques)	104276 (1338 uniques)	104276 (1338 uniques)	104276 (1057 uniques)	104084 (1035 uniques)	104072 (1029 uniques)	5000 (546 uniques)	5000 (546 uniques)
16S_13	93176	78862	78862	78862 (17634 uniques)	77906 (390 uniques)	76734 (341 uniques)	44837 (312 uniques)	43479 (290 uniques)	43479 (290 uniques)	43479 (250 uniques)	37693 (233 uniques)	37685 (229 uniques)	5000 (170 uniques)	5000 (170 uniques)
16S_130	137983	120417	120417	120417 (51771 uniques)	116431 (1647 uniques)	107559 (1428 uniques)	107476 (1300 uniques)	104385 (1217 uniques)	104385 (1217 uniques)	104385 (959 uniques)	104125 (940 uniques)	104113 (934 uniques)	5000 (487 uniques)	5000 (487 uniques)
16S_131	146928	130312	130312	130312 (47453 uniques)	127534 (1051 uniques)	121054 (1084 uniques)	121050 (896 uniques)	119013 (840 uniques)	119013 (840 uniques)	119013 (560 uniques)	118130 (517 uniques)	118108 (506 uniques)	5000 (248 uniques)	5000 (248 uniques)
16S_132	148693	128402	128402	128402 (58575 uniques)	124891 (1340 uniques)	116350 (1208 uniques)	116313 (1140 uniques)	114559 (1082 uniques)	114559 (1082 uniques)	114559 (867 uniques)	113681 (842 uniques)	113677 (840 uniques)	5000 (550 uniques)	5000 (550 uniques)
16S_133	130861	113502	113502	113502 (45022 uniques)	111523 (1174 uniques)	105913 (1244 uniques)	105688 (1068 uniques)	105550 (1057 uniques)	105550 (1057 uniques)	105550 (654 uniques)	104931 (637 uniques)	104925 (634 uniques)	5000 (406 uniques)	5000 (404 uniques)
16S_134	150286	125052	125052	125052 (51651 uniques)	122102 (1617 uniques)	114850 (1484 uniques)	114739 (1371 uniques)	112252 (1293 uniques)	112252 (1293 uniques)	112252 (1028 uniques)	111920 (1004 uniques)	111914 (1001 uniques)	5000 (547 uniques)	5000 (546 uniques)
16S_135	205316	176167	176167	176167 (71475 uniques)	172683 (2203 uniques)	162997 (2026 uniques)	162764 (1887 uniques)	160168 (1815 uniques)	160168 (1815 uniques)	160168 (1429 uniques)	159480 (1394 uniques)	159470 (1389 uniques)	5000 (696 uniques)	5000 (695 uniques)
16S_136	206724	187029	187029	187029 (65026 uniques)	183251 (1786 uniques)	174201 (1834 uniques)	174109 (1551 uniques)	169141 (1440 uniques)	169141 (1440 uniques)	169141 (1026 uniques)	167091 (956 uniques)	167063 (942 uniques)	5000 (401 uniques)	5000 (401 uniques)
16S_137	167572	147818	147818	147818 (48331 uniques)	145350 (933 uniques)	139289 (933 uniques)	139243 (836 uniques)	129758 (644 uniques)	129758 (644 uniques)	129758 (451 uniques)	129013 (436 uniques)	129003 (431 uniques)	5000 (220 uniques)	5000 (220 uniques)
16S_138	175974	153705	153705	153705 (59432 uniques)	149975 (1834 uniques)	141316 (1779 uniques)	141233 (1564 uniques)	138171 (1497 uniques)	138171 (1497 uniques)	138171 (1157 uniques)	137674 (1120 uniques)	137660 (1113 uniques)	5000 (548 uniques)	5000 (548 uniques)
16S_139	102409	89909	89909	89909 (40069 uniques)	86562 (1375 uniques)	80191 (1181 uniques)	80102 (1093 uniques)	78261 (1041 uniques)	78261 (1041 uniques)	78261 (840 uniques)	78031 (817 uniques)	78017 (810 uniques)	5000 (519 uniques)	5000 (519 uniques)
16S_14	132444	118382	118382	118382 (27417 uniques)	117907 (176 uniques)	117149 (170 uniques)	116312 (158 uniques)	112950 (118 uniques)	112950 (118 uniques)	112950 (98 uniques)	86144 (92 uniques)	86144 (92 uniques)	5000 (71 uniques)	5000 (71 uniques)
16S_140	174549	149012	149012	149012 (41225 uniques)	147172 (492 uniques)	142619 (544 uniques)	142591 (494 uniques)	131501 (290 uniques)	131501 (290 uniques)	131501 (161 uniques)	131316 (152 uniques)	131310 (149 uniques)	5000 (81 uniques)	5000 (81 uniques)
16S_141	197107	169853	169853	169853 (45801 uniques)	168160 (510 uniques)	163537 (568 uniques)	163520 (520 uniques)	152239 (315 uniques)	152239 (315 uniques)	152239 (175 uniques)	152083 (167 uniques)	152079 (165 uniques)	5000 (89 uniques)	5000 (89 uniques)
16S_142	226681	196509	196509	196509 (40877 uniques)	194883 (371 uniques)	191031 (430 uniques)	190990 (373 uniques)	180366 (215 uniques)	180366 (215 uniques)	180366 (108 uniques)	180139 (105 uniques)	180135 (103 uniques)	5000 (57 uniques)	5000 (57 uniques)
16S_143	277854	239821	239821	239821 (62686 uniques)	237457 (660 uniques)	230629 (797 uniques)	230594 (713 uniques)	211700 (402 uniques)	211700 (402 uniques)	211700 (200 uniques)	211310 (189 uniques)	211306 (187 uniques)	5000 (96 uniques)	5000 (95 uniques)
16S_144	313307	266470	266470	266470 (70550 uniques)	264151 (713 uniques)	252798 (1090 uniques)	252719 (841 uniques)	226771 (470 uniques)	226771 (470 uniques)	226771 (140 uniques)	224992 (134 uniques)	224987 (130 uniques)	5000 (68 uniques)	5000 (66 uniques)
16S_145	224566	194008	194008	194008 (60364 uniques)	191667 (815 uniques)	184395 (798 uniques)	184348 (742 uniques)	172662 (489 uniques)	172662 (489 uniques)	172662 (315 uniques)	165226 (295 uniques)	165220 (292 uniques)	5000 (161 uniques)	5000 (161 uniques)
16S_146	223417	194330	194330	194330 (61180 uniques)	191446 (793 uniques)	182923 (831 uniques)	182855 (771 uniques)	167415 (397 uniques)	167415 (397 uniques)	167415 (228 uniques)	165657 (217 uniques)	165646 (211 uniques)	5000 (145 uniques)	5000 (145 uniques)
16S_147	121094	103947	103947	103947 (40512 uniques)	101953 (772 uniques)	97194 (665 uniques)	97132 (637 uniques)	91501 (493 uniques)	91501 (493 uniques)	91501 (389 uniques)	90794 (373 uniques)	90792 (372 uniques)	5000 (242 uniques)	5000 (242 uniques)
16S_148	173879	146156	146156	146156 (66350 uniques)	141302 (1190 uniques)	125868 (1122 uniques)	125805 (1015 uniques)	117855 (837 uniques)	117855 (837 uniques)	117855 (547 uniques)	117606 (541 uniques)	117594 (535 uniques)	5000 (361 uniques)	5000 (359 uniques)
16S_149	189854	165188	165188	165188 (68714 uniques)	160980 (1235 uniques)	148204 (1193 uniques)	148189 (1074 uniques)	136669 (849 uniques)	136669 (849 uniques)	136669 (658 uniques)	136608 (654 uniques)	136596 (648 uniques)	5000 (412 uniques)	5000 (412 uniques)
16S_15	114709	100347	100347	100347 (22304 uniques)	99823 (84 uniques)	99150 (68 uniques)	99120 (61 uniques)	98340 (36 uniques)	98340 (36 uniques)	98340 (33 uniques)	75148 (30 uniques)	75148 (30 uniques)	5000 (22 uniques)	5000 (22 uniques)
16S_150	272974	228349	228349	228349 (99120 uniques)	219830 (2418 uniques)	197521 (2147 uniques)	197407 (2012 uniques)	179542 (1741 uniques)	179542 (1741 uniques)	179542 (1402 uniques)	175002 (1348 uniques)	174974 (1334 uniques)	5000 (655 uniques)	5000 (651 uniques)
16S_151	234167	197732	197732	197732 (71482 uniques)	191969 (1667 uniques)	179325 (1434 uniques)	179265 (1364 uniques)	165242 (1135 uniques)	165242 (1135 uniques)	165242 (905 uniques)	163416 (872 uniques)	163374 (851 uniques)	5000 (427 uniques)	5000 (426 uniques)
16S_152	291660	248561	248561	248561 (102448 uniques)	239998 (2329 uniques)	218479 (2065 uniques)	218443 (1936 uniques)	194351 (1540 uniques)	194351 (1540 uniques)	194351 (1257 uniques)	192983 (1218 uniques)	192941 (1197 uniques)	5000 (527 uniques)	5000 (523 uniques)
16S_153	196430	169042	169042	169042 (53953 uniques)	164301 (1426 uniques)	155801 (1192 uniques)	155498 (1126 uniques)	143006 (887 uniques)	143006 (887 uniques)	143006 (766 uniques)	140366 (736 uniques)	140321 (713 uniques)	5000 (339 uniques)	5000 (337 uniques)
16S_154	309618	261428	261428	261428 (98308 uniques)	255047 (1757 uniques)	234488 (1723 uniques)	234451 (1610 uniques)	206496 (1051 uniques)	206496 (1051 uniques)	206496 (709 uniques)	206193 (697 uniques)	206175 (687 uniques)	5000 (375 uniques)	5000 (371 uniques)
16S_16	30758	26180	26180	26180 (7512 uniques)	25708 (133 uniques)	24850 (91 uniques)	15855 (87 uniques)	15433 (81 uniques)	15433 (81 uniques)	15433 (73 uniques)	15044 (66 uniques)	15044 (66 uniques)	5000 (61 uniques)	5000 (61 uniques)
16S_17	89187	77019	77019	77019 (36141 uniques)	75377 (946 uniques)	71726 (788 uniques)	71689 (765 uniques)	71417 (756 uniques)	71417 (756 uniques)	71417 (641 uniques)	58348 (626 uniques)	58348 (626 uniques)	5000 (502 uniques)	5000 (502 uniques)
16S_18	114936	102661	102661	102661 (24366 uniques)	102243 (180 uniques)	98944 (152 uniques)	98903 (148 uniques)	98843 (143 uniques)	98843 (143 uniques)	98843 (131 uniques)	18342 (126 uniques)	18342 (126 uniques)	5000 (121 uniques)	5000 (121 uniques)
16S_19	194052	171626	171626	171626 (37308 uniques)	170967 (227 uniques)	165952 (181 uniques)	165888 (176 uniques)	165490 (161 uniques)	165490 (161 uniques)	165490 (148 uniques)	23032 (137 uniques)	23032 (137 uniques)	5000 (127 uniques)	5000 (127 uniques)
16S_2	130548	114248	114248	114248 (26615 uniques)	113437 (220 uniques)	111141 (184 uniques)	108755 (137 uniques)	108653 (129 uniques)	108653 (129 uniques)	108653 (120 uniques)	16600 (113 uniques)	16600 (113 uniques)	5000 (108 uniques)	5000 (107 uniques)
16S_20	123416	105049	105049	105049 (35415 uniques)	103340 (739 uniques)	100077 (631 uniques)	89890 (611 uniques)	87332 (547 uniques)	87332 (547 uniques)	87332 (463 uniques)	85480 (452 uniques)	85480 (452 uniques)	5000 (319 uniques)	5000 (319 uniques)
16S_21	201236	174386	174386	174386 (61719 uniques)	172675 (722 uniques)	168242 (622 uniques)	168188 (607 uniques)	165961 (553 uniques)	165961 (553 uniques)	165961 (462 uniques)	133792 (450 uniques)	133792 (450 uniques)	5000 (302 uniques)	5000 (301 uniques)
16S_22	168429	138744	138744	138744 (31624 uniques)	137783 (293 uniques)	131173 (244 uniques)	83824 (232 uniques)	82484 (220 uniques)	82484 (220 uniques)	82484 (188 uniques)	78128 (169 uniques)	78126 (168 uniques)	5000 (90 uniques)	5000 (90 uniques)
16S_23	112638	100973	100973	100973 (38449 uniques)	99557 (810 uniques)	96390 (691 uniques)	96358 (667 uniques)	95996 (656 uniques)	95996 (656 uniques)	95996 (555 uniques)	50618 (543 uniques)	50618 (543 uniques)	5000 (428 uniques)	5000 (428 uniques)
16S_24	131592	115804	115804	115804 (32860 uniques)	115159 (250 uniques)	113494 (219 uniques)	113408 (215 uniques)	113074 (196 uniques)	113074 (196 uniques)	113074 (179 uniques)	42871 (173 uniques)	42869 (172 uniques)	5000 (149 uniques)	5000 (149 uniques)
16S_25	101233	87643	87643	87643 (22620 uniques)	86858 (191 uniques)	84668 (152 uniques)	84376 (146 uniques)	83571 (120 uniques)	83571 (120 uniques)	83571 (107 uniques)	23378 (90 uniques)	23374 (88 uniques)	5000 (81 uniques)	5000 (81 uniques)
16S_26	128230	110745	110745	110745 (43127 uniques)	109358 (714 uniques)	105316 (606 uniques)	105287 (590 uniques)	104063 (554 uniques)	104063 (554 uniques)	104063 (466 uniques)	78458 (450 uniques)	78458 (450 uniques)	5000 (343 uniques)	5000 (343 uniques)
16S_27	884	266	266	266 (240 uniques)	85 (9 uniques)	73 (6 uniques)	70 (5 uniques)	70 (5 uniques)	70 (5 uniques)	70 (5 uniques)	40 (3 uniques)	40 (3 uniques)	/	/
16S_27_r	54991	49756	49756	49756 (7344 uniques)	49574 (38 uniques)	49480 (32 uniques)	49480 (28 uniques)	49480 (28 uniques)	49480 (28 uniques)	49480 (27 uniques)	22294 (22 uniques)	22294 (22 uniques)	5000 (19 uniques)	5000 (19 uniques)
16S_28	49376	40821	40821	40821 (5379 uniques)	40683 (50 uniques)	40633 (45 uniques)	9716 (41 uniques)	9716 (41 uniques)	9716 (41 uniques)	9716 (41 uniques)	9689 (37 uniques)	9689 (37 uniques)	5000 (37 uniques)	5000 (37 uniques)
16S_28_r	49896	41332	41332	41332 (8997 uniques)	40961 (57 uniques)	40111 (46 uniques)	24955 (42 uniques)	24472 (35 uniques)	24472 (35 uniques)	24472 (32 uniques)	24433 (30 uniques)	24433 (30 uniques)	5000 (26 uniques)	5000 (26 uniques)
16S_29	186208	165965	165965	165965 (28928 uniques)	165443 (70 uniques)	164933 (64 uniques)	164908 (58 uniques)	164398 (36 uniques)	164398 (36 uniques)	164398 (31 uniques)	92994 (25 uniques)	92994 (25 uniques)	5000 (18 uniques)	5000 (18 uniques)
16S_3	134148	119128	119128	119128 (57018 uniques)	116752 (1239 uniques)	111026 (1105 uniques)	110950 (1067 uniques)	110336 (1052 uniques)	110336 (1052 uniques)	110336 (816 uniques)	106707 (802 uniques)	106703 (800 uniques)	5000 (535 uniques)	5000 (535 uniques)
16S_30	186504	154266	154266	154266 (33106 uniques)	153089 (424 uniques)	149300 (349 uniques)	94674 (324 uniques)	90762 (296 uniques)	90762 (296 uniques)	90762 (266 uniques)	85816 (243 uniques)	85814 (242 uniques)	5000 (131 uniques)	5000 (131 uniques)
16S_31	87115	79005	79005	79005 (29774 uniques)	77882 (736 uniques)	75308 (627 uniques)	75292 (608 uniques)	75050 (602 uniques)	75050 (602 uniques)	75050 (520 uniques)	35977 (507 uniques)	35977 (507 uniques)	5000 (444 uniques)	5000 (442 uniques)
16S_32	145900	126830	126830	126830 (55204 uniques)	124971 (649 uniques)	120652 (614 uniques)	120526 (591 uniques)	118705 (533 uniques)	118705 (533 uniques)	118705 (400 uniques)	114223 (395 uniques)	114221 (394 uniques)	5000 (272 uniques)	5000 (272 uniques)
16S_33	64699	56069	56069	56069 (24280 uniques)	54708 (627 uniques)	52310 (491 uniques)	52267 (482 uniques)	52058 (473 uniques)	52058 (473 uniques)	52058 (432 uniques)	38842 (410 uniques)	38840 (409 uniques)	5000 (329 uniques)	5000 (329 uniques)
16S_34	81051	70851	70851	70851 (28840 uniques)	69572 (466 uniques)	67125 (401 uniques)	64344 (393 uniques)	63779 (379 uniques)	63779 (379 uniques)	63779 (309 uniques)	53625 (293 uniques)	53623 (292 uniques)	5000 (249 uniques)	5000 (249 uniques)
16S_35	10009	9324	9324	9324 (1220 uniques)	9250 (17 uniques)	9215 (14 uniques)	9215 (12 uniques)	9215 (12 uniques)	9215 (12 uniques)	9215 (12 uniques)	2044 (7 uniques)	2044 (7 uniques)	/	/
16S_35_r	53124	46952	46952	46952 (8482 uniques)	46745 (27 uniques)	46299 (23 uniques)	46285 (19 uniques)	46277 (18 uniques)	46277 (18 uniques)	46277 (18 uniques)	28630 (11 uniques)	28630 (11 uniques)	5000 (8 uniques)	5000 (8 uniques)
16S_36	145710	121588	121588	121588 (24838 uniques)	120978 (355 uniques)	118040 (309 uniques)	65574 (297 uniques)	64239 (273 uniques)	64239 (273 uniques)	64239 (243 uniques)	64108 (236 uniques)	64108 (236 uniques)	5000 (167 uniques)	5000 (167 uniques)
16S_37	2684	1814	1814	1814 (492 uniques)	1721 (16 uniques)	1675 (11 uniques)	1675 (10 uniques)	1675 (10 uniques)	1675 (10 uniques)	1675 (10 uniques)	382 (8 uniques)	382 (8 uniques)	/	/
16S_37_r	75242	66401	66401	66401 (11364 uniques)	66154 (35 uniques)	66052 (29 uniques)	66036 (23 uniques)	66031 (22 uniques)	66031 (22 uniques)	66031 (22 uniques)	46528 (17 uniques)	46528 (17 uniques)	5000 (15 uniques)	5000 (15 uniques)
16S_38	86806	70415	70415	70415 (12280 uniques)	69747 (356 uniques)	68977 (296 uniques)	19676 (287 uniques)	19676 (287 uniques)	19676 (287 uniques)	19676 (255 uniques)	15794 (233 uniques)	15790 (231 uniques)	5000 (216 uniques)	5000 (216 uniques)
16S_39	141263	124751	124751	124751 (56546 uniques)	122497 (1204 uniques)	116937 (1063 uniques)	116896 (1016 uniques)	115833 (989 uniques)	115833 (989 uniques)	115833 (777 uniques)	102401 (765 uniques)	102399 (764 uniques)	5000 (529 uniques)	5000 (528 uniques)
16S_4	195882	176636	176636	176636 (34771 uniques)	175961 (179 uniques)	175205 (148 uniques)	175185 (141 uniques)	173796 (116 uniques)	173796 (116 uniques)	173796 (107 uniques)	14864 (98 uniques)	14863 (97 uniques)	5000 (92 uniques)	5000 (92 uniques)
16S_40	122802	106929	106929	106929 (40547 uniques)	105728 (500 uniques)	102786 (454 uniques)	102662 (445 uniques)	99887 (376 uniques)	99887 (376 uniques)	99887 (308 uniques)	99301 (302 uniques)	99299 (301 uniques)	5000 (205 uniques)	5000 (205 uniques)
16S_41	109680	97201	97201	97201 (22094 uniques)	96727 (109 uniques)	96060 (94 uniques)	96023 (85 uniques)	94792 (68 uniques)	94792 (68 uniques)	94792 (62 uniques)	13248 (57 uniques)	13248 (57 uniques)	5000 (55 uniques)	5000 (55 uniques)
16S_42	112782	98827	98827	98827 (26657 uniques)	98208 (226 uniques)	94775 (183 uniques)	94743 (178 uniques)	94618 (172 uniques)	94618 (172 uniques)	94618 (162 uniques)	25893 (151 uniques)	25893 (151 uniques)	5000 (140 uniques)	5000 (140 uniques)
16S_43	82651	74527	74527	74527 (12565 uniques)	74270 (54 uniques)	74113 (51 uniques)	74102 (46 uniques)	73997 (39 uniques)	73997 (39 uniques)	73997 (34 uniques)	42405 (25 uniques)	42405 (25 uniques)	5000 (16 uniques)	5000 (16 uniques)
16S_44	103866	88787	88787	88787 (32875 uniques)	87450 (936 uniques)	84360 (772 uniques)	75451 (760 uniques)	74681 (736 uniques)	74681 (736 uniques)	74681 (643 uniques)	73573 (625 uniques)	73567 (622 uniques)	5000 (449 uniques)	5000 (449 uniques)
16S_45	162706	140812	140812	140812 (49237 uniques)	139335 (599 uniques)	135762 (525 uniques)	135589 (511 uniques)	134145 (466 uniques)	134145 (466 uniques)	134145 (379 uniques)	106489 (365 uniques)	106483 (362 uniques)	5000 (267 uniques)	5000 (266 uniques)
16S_46	65717	54478	54478	54478 (11997 uniques)	53886 (259 uniques)	52763 (198 uniques)	24686 (187 uniques)	24201 (179 uniques)	24201 (179 uniques)	24201 (152 uniques)	21507 (134 uniques)	21507 (134 uniques)	5000 (115 uniques)	5000 (115 uniques)
16S_47	225384	196725	196725	196725 (64067 uniques)	195312 (836 uniques)	191180 (752 uniques)	190975 (733 uniques)	188013 (669 uniques)	188013 (669 uniques)	188013 (553 uniques)	148654 (530 uniques)	148653 (529 uniques)	5000 (309 uniques)	5000 (309 uniques)
16S_48	97121	85334	85334	85334 (39326 uniques)	83973 (576 uniques)	81457 (526 uniques)	81331 (503 uniques)	80912 (486 uniques)	80912 (486 uniques)	80912 (387 uniques)	79522 (381 uniques)	79522 (381 uniques)	5000 (281 uniques)	5000 (281 uniques)
16S_49	273	88	88	88 (82 uniques)	17 (3 uniques)	11 (2 uniques)	11 (2 uniques)	11 (2 uniques)	11 (2 uniques)	11 (2 uniques)	11 (2 uniques)	11 (2 uniques)	/	/
16S_49_r	53199	40930	40930	40930 (8066 uniques)	40660 (172 uniques)	38626 (155 uniques)	4853 (151 uniques)	4853 (151 uniques)	4853 (151 uniques)	4853 (133 uniques)	4676 (127 uniques)	4676 (127 uniques)	/	/
16S_5	160486	140254	140254	140254 (45580 uniques)	138921 (612 uniques)	135856 (563 uniques)	135790 (542 uniques)	133340 (498 uniques)	133340 (498 uniques)	133340 (390 uniques)	99933 (370 uniques)	99929 (368 uniques)	5000 (264 uniques)	5000 (264 uniques)
16S_50	111004	98316	98316	98316 (22147 uniques)	97785 (158 uniques)	96734 (127 uniques)	96721 (123 uniques)	96712 (121 uniques)	96712 (121 uniques)	96712 (116 uniques)	8767 (108 uniques)	8767 (108 uniques)	5000 (106 uniques)	5000 (106 uniques)
16S_51	23991	20537	20537	20537 (6500 uniques)	20227 (122 uniques)	19959 (105 uniques)	16016 (102 uniques)	16016 (102 uniques)	16016 (102 uniques)	16016 (90 uniques)	15983 (88 uniques)	15983 (88 uniques)	5000 (83 uniques)	5000 (83 uniques)
16S_51_r	39816	33753	33753	33753 (11037 uniques)	33341 (143 uniques)	32768 (126 uniques)	28533 (123 uniques)	28317 (114 uniques)	28317 (114 uniques)	28317 (95 uniques)	28240 (92 uniques)	28240 (92 uniques)	5000 (83 uniques)	5000 (83 uniques)
16S_52	52990	43651	43651	43651 (7599 uniques)	43390 (138 uniques)	43193 (125 uniques)	19713 (118 uniques)	19713 (118 uniques)	19713 (118 uniques)	19713 (109 uniques)	19677 (105 uniques)	19677 (105 uniques)	5000 (95 uniques)	5000 (95 uniques)
16S_52_r	46813	38697	38697	38697 (9623 uniques)	38384 (109 uniques)	37549 (100 uniques)	24275 (93 uniques)	24033 (86 uniques)	24033 (86 uniques)	24033 (78 uniques)	23938 (76 uniques)	23938 (76 uniques)	5000 (69 uniques)	5000 (69 uniques)
16S_53	98868	87574	87574	87574 (29560 uniques)	86882 (493 uniques)	85519 (433 uniques)	85412 (421 uniques)	85361 (418 uniques)	85361 (418 uniques)	85361 (354 uniques)	61990 (342 uniques)	61988 (341 uniques)	5000 (270 uniques)	5000 (270 uniques)
16S_53_r	57158	49395	49395	49395 (15559 uniques)	48930 (294 uniques)	48106 (264 uniques)	48084 (257 uniques)	48049 (255 uniques)	48049 (255 uniques)	48049 (226 uniques)	33443 (218 uniques)	33443 (218 uniques)	5000 (199 uniques)	5000 (199 uniques)
16S_54	47287	38613	38613	38613 (7495 uniques)	38253 (148 uniques)	37424 (117 uniques)	18298 (111 uniques)	18276 (110 uniques)	18276 (110 uniques)	18276 (105 uniques)	17573 (91 uniques)	17573 (91 uniques)	5000 (86 uniques)	5000 (86 uniques)
16S_54_r	39609	32298	32298	32298 (8506 uniques)	31890 (80 uniques)	30058 (66 uniques)	23822 (64 uniques)	23602 (58 uniques)	23602 (58 uniques)	23602 (56 uniques)	23203 (48 uniques)	23203 (48 uniques)	5000 (44 uniques)	5000 (44 uniques)
16S_55	156461	134427	134427	134427 (59656 uniques)	131884 (1097 uniques)	124841 (949 uniques)	124776 (912 uniques)	123177 (875 uniques)	123177 (875 uniques)	123177 (709 uniques)	113944 (690 uniques)	113942 (689 uniques)	5000 (472 uniques)	5000 (472 uniques)
16S_56	182384	162086	162086	162086 (34406 uniques)	161563 (132 uniques)	160767 (122 uniques)	160736 (112 uniques)	158245 (79 uniques)	158245 (79 uniques)	158245 (67 uniques)	19044 (62 uniques)	19044 (62 uniques)	5000 (58 uniques)	5000 (57 uniques)
16S_57	46774	40787	40787	40787 (14877 uniques)	40490 (161 uniques)	39998 (146 uniques)	39944 (142 uniques)	39857 (137 uniques)	39857 (137 uniques)	39857 (120 uniques)	31148 (108 uniques)	31148 (108 uniques)	5000 (103 uniques)	5000 (103 uniques)
16S_58	78971	66840	66840	66840 (20560 uniques)	66071 (291 uniques)	64799 (258 uniques)	56157 (250 uniques)	55179 (209 uniques)	55179 (209 uniques)	55179 (173 uniques)	55100 (169 uniques)	55100 (169 uniques)	5000 (124 uniques)	5000 (123 uniques)
16S_59	129368	108961	108961	108961 (25828 uniques)	108098 (518 uniques)	106022 (454 uniques)	71954 (433 uniques)	70240 (408 uniques)	70240 (408 uniques)	70240 (355 uniques)	69272 (331 uniques)	69270 (330 uniques)	5000 (234 uniques)	5000 (234 uniques)
16S_6	116020	98193	98193	98193 (31539 uniques)	96497 (759 uniques)	92901 (669 uniques)	74564 (644 uniques)	71757 (578 uniques)	71757 (578 uniques)	71757 (498 uniques)	67017 (486 uniques)	67015 (485 uniques)	5000 (361 uniques)	5000 (361 uniques)
16S_60	164466	140175	140175	140175 (52232 uniques)	138552 (664 uniques)	134298 (564 uniques)	133612 (548 uniques)	131666 (490 uniques)	131666 (490 uniques)	131666 (393 uniques)	122411 (378 uniques)	122411 (378 uniques)	5000 (253 uniques)	5000 (253 uniques)
16S_61	50605	42677	42677	42677 (11357 uniques)	42152 (240 uniques)	41265 (201 uniques)	23762 (184 uniques)	23617 (178 uniques)	23617 (178 uniques)	23617 (159 uniques)	15741 (143 uniques)	15741 (143 uniques)	5000 (137 uniques)	5000 (137 uniques)
16S_62	122787	106256	106256	106256 (49256 uniques)	104036 (1146 uniques)	98893 (991 uniques)	98835 (955 uniques)	98507 (945 uniques)	98507 (945 uniques)	98507 (785 uniques)	86065 (771 uniques)	86059 (768 uniques)	5000 (532 uniques)	5000 (532 uniques)
16S_63	127316	107545	107545	107545 (22173 uniques)	106869 (332 uniques)	104805 (293 uniques)	72042 (276 uniques)	69385 (240 uniques)	69385 (240 uniques)	69385 (202 uniques)	69263 (194 uniques)	69263 (194 uniques)	5000 (130 uniques)	5000 (130 uniques)
16S_64	167645	146913	146913	146913 (29408 uniques)	146131 (96 uniques)	145053 (81 uniques)	144907 (70 uniques)	143817 (49 uniques)	143817 (49 uniques)	143817 (46 uniques)	99604 (38 uniques)	99604 (38 uniques)	5000 (26 uniques)	5000 (26 uniques)
16S_65	102576	87253	87253	87253 (22607 uniques)	86560 (207 uniques)	84399 (201 uniques)	68119 (185 uniques)	64725 (119 uniques)	64725 (119 uniques)	64725 (97 uniques)	64613 (93 uniques)	64613 (93 uniques)	5000 (72 uniques)	5000 (72 uniques)
16S_66	74385	62869	62869	62869 (18585 uniques)	62119 (279 uniques)	60760 (246 uniques)	52773 (240 uniques)	51371 (201 uniques)	51371 (201 uniques)	51371 (166 uniques)	51282 (162 uniques)	51280 (161 uniques)	5000 (112 uniques)	5000 (112 uniques)
16S_67	150238	133454	133454	133454 (22986 uniques)	132991 (69 uniques)	132601 (61 uniques)	132569 (56 uniques)	132059 (39 uniques)	132059 (39 uniques)	132059 (36 uniques)	76742 (28 uniques)	76742 (28 uniques)	5000 (19 uniques)	5000 (19 uniques)
16S_68	113617	99665	99665	99665 (21615 uniques)	99059 (78 uniques)	98643 (72 uniques)	98606 (65 uniques)	98060 (40 uniques)	98060 (40 uniques)	98060 (37 uniques)	64357 (33 uniques)	64357 (33 uniques)	5000 (24 uniques)	5000 (24 uniques)
16S_69	128184	108870	108870	108870 (35494 uniques)	107349 (678 uniques)	103856 (596 uniques)	87586 (571 uniques)	84645 (516 uniques)	84645 (516 uniques)	84645 (445 uniques)	81455 (427 uniques)	81453 (426 uniques)	5000 (306 uniques)	5000 (306 uniques)
16S_7	101626	91110	91110	91110 (17668 uniques)	90770 (53 uniques)	90010 (46 uniques)	89996 (42 uniques)	89581 (21 uniques)	89581 (21 uniques)	89581 (20 uniques)	54209 (18 uniques)	54209 (18 uniques)	5000 (15 uniques)	5000 (15 uniques)
16S_70	111910	97371	97371	97371 (45289 uniques)	95316 (1020 uniques)	90283 (873 uniques)	90229 (848 uniques)	89724 (836 uniques)	89724 (836 uniques)	89724 (689 uniques)	81195 (673 uniques)	81191 (671 uniques)	5000 (481 uniques)	5000 (481 uniques)
16S_71	105796	98175	98175	98175 (31333 uniques)	97132 (500 uniques)	94537 (463 uniques)	94525 (456 uniques)	91514 (370 uniques)	91514 (370 uniques)	91514 (302 uniques)	90152 (294 uniques)	90152 (294 uniques)	5000 (200 uniques)	5000 (200 uniques)
16S_72	136547	117171	117171	117171 (51910 uniques)	115333 (716 uniques)	111252 (674 uniques)	111032 (647 uniques)	109903 (609 uniques)	109903 (609 uniques)	109903 (464 uniques)	104172 (457 uniques)	104168 (455 uniques)	5000 (345 uniques)	5000 (345 uniques)
16S_73	83809	66769	66769	66769 (12331 uniques)	66179 (130 uniques)	65141 (113 uniques)	22625 (106 uniques)	22375 (100 uniques)	22375 (100 uniques)	22375 (83 uniques)	20824 (74 uniques)	20824 (74 uniques)	5000 (60 uniques)	5000 (60 uniques)
16S_74	53191	46165	46165	46165 (11846 uniques)	45784 (199 uniques)	45409 (189 uniques)	35802 (181 uniques)	35328 (158 uniques)	35328 (158 uniques)	35328 (122 uniques)	35314 (120 uniques)	35314 (120 uniques)	5000 (104 uniques)	5000 (104 uniques)
16S_75	88862	73838	73838	73838 (14607 uniques)	73246 (238 uniques)	72200 (202 uniques)	38806 (192 uniques)	37666 (167 uniques)	37666 (167 uniques)	37666 (149 uniques)	37547 (143 uniques)	37547 (143 uniques)	5000 (119 uniques)	5000 (119 uniques)
16S_76	130013	115843	115843	115843 (22338 uniques)	115373 (70 uniques)	115055 (51 uniques)	115019 (46 uniques)	114776 (37 uniques)	114776 (37 uniques)	114776 (35 uniques)	86377 (32 uniques)	86377 (32 uniques)	5000 (16 uniques)	5000 (16 uniques)
16S_77	713	113	113	113 (101 uniques)	25 (4 uniques)	19 (3 uniques)	19 (3 uniques)	19 (3 uniques)	19 (3 uniques)	19 (3 uniques)	14 (2 uniques)	14 (2 uniques)	/	/
16S_77_r	33573	28586	28586	28586 (4240 uniques)	28431 (100 uniques)	28195 (80 uniques)	1005 (75 uniques)	1005 (75 uniques)	1005 (75 uniques)	1005 (74 uniques)	874 (69 uniques)	872 (68 uniques)	/	/
16S_78	189	107	107	107 (105 uniques)	4 (1 uniques)	4 (1 uniques)	/	/	/	/	/	/	/	/
16S_78_r	45032	34599	34599	34599 (8871 uniques)	34168 (376 uniques)	33209 (314 uniques)	7079 (304 uniques)	7079 (304 uniques)	7079 (304 uniques)	7079 (278 uniques)	6828 (267 uniques)	6822 (264 uniques)	5000 (264 uniques)	5000 (264 uniques)
16S_79	99505	85660	85660	85660 (36414 uniques)	84898 (706 uniques)	82915 (669 uniques)	82114 (634 uniques)	82040 (629 uniques)	82040 (629 uniques)	82040 (496 uniques)	77754 (473 uniques)	77754 (473 uniques)	5000 (386 uniques)	5000 (385 uniques)
16S_8	72105	61828	61828	61828 (8850 uniques)	61554 (179 uniques)	61235 (149 uniques)	15234 (145 uniques)	15077 (140 uniques)	15077 (140 uniques)	15077 (124 uniques)	12836 (109 uniques)	12836 (109 uniques)	5000 (106 uniques)	5000 (106 uniques)
16S_80	498	129	129	129 (127 uniques)	4 (2 uniques)	4 (2 uniques)	4 (2 uniques)	4 (2 uniques)	4 (2 uniques)	4 (2 uniques)	4 (2 uniques)	4 (2 uniques)	/	/
16S_80_r	38974	30643	30643	30643 (7439 uniques)	30314 (206 uniques)	29346 (183 uniques)	10132 (175 uniques)	10132 (175 uniques)	10132 (175 uniques)	10132 (156 uniques)	10037 (149 uniques)	10037 (149 uniques)	5000 (146 uniques)	5000 (146 uniques)
16S_81	33984	28417	28417	28417 (11552 uniques)	27488 (687 uniques)	25729 (559 uniques)	21469 (545 uniques)	21431 (544 uniques)	21431 (544 uniques)	21431 (473 uniques)	19153 (455 uniques)	19147 (452 uniques)	5000 (429 uniques)	5000 (428 uniques)
16S_82	71952	62170	62170	62170 (15580 uniques)	61825 (174 uniques)	61387 (148 uniques)	25511 (137 uniques)	25511 (137 uniques)	25511 (137 uniques)	25511 (127 uniques)	20927 (118 uniques)	20927 (118 uniques)	5000 (109 uniques)	5000 (109 uniques)
16S_83	114938	99258	99258	99258 (44330 uniques)	97330 (684 uniques)	92374 (613 uniques)	92351 (599 uniques)	90622 (556 uniques)	90622 (556 uniques)	90622 (417 uniques)	81344 (411 uniques)	81340 (409 uniques)	5000 (305 uniques)	5000 (305 uniques)
16S_84	39467	35598	35598	35598 (10120 uniques)	35464 (67 uniques)	34921 (62 uniques)	34685 (58 uniques)	34685 (58 uniques)	34685 (58 uniques)	34685 (52 uniques)	8352 (49 uniques)	8352 (49 uniques)	5000 (48 uniques)	5000 (48 uniques)
16S_84_manual	220593	196227	196227	196227 (45082 uniques)	195546 (243 uniques)	192149 (235 uniques)	190559 (223 uniques)	190354 (213 uniques)	190354 (213 uniques)	190354 (169 uniques)	53050 (153 uniques)	53050 (153 uniques)	5000 (131 uniques)	5000 (130 uniques)
16S_84_r	16899	14804	14804	14804 (4012 uniques)	14630 (35 uniques)	14124 (38 uniques)	13910 (31 uniques)	13910 (31 uniques)	13910 (31 uniques)	13910 (24 uniques)	3728 (21 uniques)	3728 (21 uniques)	/	/
16S_85	14059	12906	12906	12906 (1868 uniques)	12836 (15 uniques)	12818 (11 uniques)	12818 (9 uniques)	12818 (9 uniques)	12818 (9 uniques)	12818 (9 uniques)	2297 (8 uniques)	2297 (8 uniques)	/	/
16S_85_r	52415	46123	46123	46123 (9160 uniques)	45614 (75 uniques)	45385 (63 uniques)	45343 (57 uniques)	45340 (56 uniques)	45340 (56 uniques)	45340 (56 uniques)	25098 (52 uniques)	25098 (52 uniques)	5000 (47 uniques)	5000 (47 uniques)
16S_86	133217	114183	114183	114183 (40140 uniques)	112428 (722 uniques)	108630 (616 uniques)	108446 (601 uniques)	106491 (562 uniques)	106491 (562 uniques)	106491 (434 uniques)	77691 (425 uniques)	77683 (421 uniques)	5000 (308 uniques)	5000 (308 uniques)
16S_87	78734	71087	71087	71087 (9551 uniques)	70844 (50 uniques)	70731 (48 uniques)	70708 (41 uniques)	70646 (37 uniques)	70646 (37 uniques)	70646 (37 uniques)	25432 (32 uniques)	25432 (32 uniques)	5000 (31 uniques)	5000 (31 uniques)
16S_88	1094	353	353	353 (230 uniques)	229 (16 uniques)	188 (11 uniques)	84 (10 uniques)	84 (10 uniques)	84 (10 uniques)	84 (10 uniques)	70 (8 uniques)	70 (8 uniques)	/	/
16S_88_r	35546	29382	29382	29382 (9469 uniques)	28887 (350 uniques)	28220 (304 uniques)	22616 (296 uniques)	22537 (292 uniques)	22537 (292 uniques)	22537 (259 uniques)	22199 (247 uniques)	22197 (246 uniques)	5000 (232 uniques)	5000 (232 uniques)
16S_89	3098	286	286	286 (249 uniques)	125 (11 uniques)	109 (11 uniques)	102 (10 uniques)	102 (10 uniques)	102 (10 uniques)	102 (10 uniques)	81 (8 uniques)	81 (8 uniques)	/	/
16S_89_r	30207	27678	27678	27678 (3324 uniques)	27560 (15 uniques)	27551 (16 uniques)	27545 (11 uniques)	27545 (11 uniques)	27545 (11 uniques)	27545 (11 uniques)	2117 (9 uniques)	2117 (9 uniques)	/	/
16S_9	85509	74934	74934	74934 (28430 uniques)	73713 (573 uniques)	71212 (462 uniques)	71180 (453 uniques)	70702 (441 uniques)	70702 (441 uniques)	70702 (400 uniques)	39396 (387 uniques)	39396 (387 uniques)	5000 (313 uniques)	5000 (313 uniques)
16S_90	205	84	84	84 (81 uniques)	16 (3 uniques)	3 (1 uniques)	3 (1 uniques)	3 (1 uniques)	3 (1 uniques)	3 (1 uniques)	/	/	/	/
16S_90_r	53590	47598	47598	47598 (7583 uniques)	47447 (16 uniques)	47401 (15 uniques)	47394 (10 uniques)	47394 (10 uniques)	47394 (10 uniques)	47394 (10 uniques)	23524 (8 uniques)	23524 (8 uniques)	5000 (7 uniques)	5000 (7 uniques)
16S_91	368	138	138	138 (133 uniques)	14 (3 uniques)	6 (1 uniques)	/	/	/	/	/	/	/	/
16S_91_r	23769	21763	21763	21763 (2532 uniques)	21698 (5 uniques)	21692 (6 uniques)	21692 (4 uniques)	21692 (4 uniques)	21692 (4 uniques)	21692 (4 uniques)	1047 (3 uniques)	1047 (3 uniques)	/	/
16S_92	339	136	136	136 (122 uniques)	30 (5 uniques)	24 (4 uniques)	17 (3 uniques)	17 (3 uniques)	17 (3 uniques)	17 (3 uniques)	4 (1 uniques)	4 (1 uniques)	/	/
16S_92_r	39941	30854	30854	30854 (7154 uniques)	30476 (108 uniques)	30053 (98 uniques)	16938 (90 uniques)	16801 (84 uniques)	16801 (84 uniques)	16801 (77 uniques)	16746 (73 uniques)	16746 (73 uniques)	5000 (69 uniques)	5000 (69 uniques)
16S_93	112510	98861	98861	98861 (33548 uniques)	97800 (445 uniques)	95030 (366 uniques)	93355 (352 uniques)	92837 (335 uniques)	92837 (335 uniques)	92837 (295 uniques)	46847 (261 uniques)	46840 (257 uniques)	5000 (211 uniques)	5000 (211 uniques)
16S_94	154843	136851	136851	136851 (46667 uniques)	135492 (467 uniques)	132542 (408 uniques)	132527 (394 uniques)	129879 (321 uniques)	129879 (321 uniques)	129879 (250 uniques)	93177 (243 uniques)	93173 (241 uniques)	5000 (169 uniques)	5000 (168 uniques)
16S_95	164236	149763	149763	149763 (22298 uniques)	149392 (79 uniques)	149136 (74 uniques)	149125 (68 uniques)	148714 (51 uniques)	148714 (51 uniques)	148714 (48 uniques)	74697 (44 uniques)	74697 (44 uniques)	5000 (30 uniques)	5000 (30 uniques)
16S_96	6675	5634	5634	5634 (2472 uniques)	5262 (271 uniques)	4642 (193 uniques)	4354 (192 uniques)	4354 (192 uniques)	4354 (192 uniques)	4354 (189 uniques)	4169 (180 uniques)	4169 (180 uniques)	/	/
16S_96_r	17543	14607	14607	14607 (5830 uniques)	14219 (338 uniques)	13796 (306 uniques)	13301 (304 uniques)	13301 (304 uniques)	13301 (304 uniques)	13301 (287 uniques)	12984 (277 uniques)	12982 (276 uniques)	5000 (269 uniques)	5000 (269 uniques)
16S_97	23774	20336	20336	20336 (4880 uniques)	20032 (151 uniques)	19865 (136 uniques)	10313 (132 uniques)	10303 (131 uniques)	10303 (131 uniques)	10303 (120 uniques)	10226 (116 uniques)	10224 (115 uniques)	5000 (115 uniques)	5000 (115 uniques)
16S_97_r	23084	19225	19225	19225 (5441 uniques)	19044 (102 uniques)	18867 (85 uniques)	13668 (81 uniques)	13668 (81 uniques)	13668 (81 uniques)	13668 (78 uniques)	13614 (75 uniques)	13614 (75 uniques)	5000 (74 uniques)	5000 (74 uniques)
16S_98	160	81	81	81 (73 uniques)	31 (6 uniques)	15 (4 uniques)	12 (3 uniques)	12 (3 uniques)	12 (3 uniques)	12 (3 uniques)	6 (2 uniques)	6 (2 uniques)	/	/
16S_98_r	39256	32768	32768	32768 (6929 uniques)	32410 (280 uniques)	31938 (230 uniques)	13246 (223 uniques)	13206 (220 uniques)	13206 (220 uniques)	13206 (207 uniques)	13105 (201 uniques)	13105 (201 uniques)	5000 (198 uniques)	5000 (198 uniques)
16S_99	142153	130097	130097	130097 (30685 uniques)	129118 (356 uniques)	127208 (311 uniques)	127208 (302 uniques)	125805 (262 uniques)	125805 (262 uniques)	125805 (212 uniques)	46315 (208 uniques)	46311 (206 uniques)	5000 (173 uniques)	5000 (173 uniques)
16S_P1_NTC	1034	733	733	733 (394 uniques)	657 (14 uniques)	646 (12 uniques)	646 (12 uniques)	646 (12 uniques)	646 (12 uniques)	646 (12 uniques)	603 (10 uniques)	603 (10 uniques)	/	/
16S_P1_NTC2	1325	1027	1027	1027 (474 uniques)	942 (12 uniques)	900 (8 uniques)	900 (6 uniques)	900 (6 uniques)	900 (6 uniques)	900 (5 uniques)	895 (4 uniques)	895 (4 uniques)	/	/
16S_P1_ext_neg	20485	15779	15779	15779 (5175 uniques)	15630 (33 uniques)	15570 (30 uniques)	15564 (26 uniques)	15562 (25 uniques)	15562 (25 uniques)	15562 (22 uniques)	14939 (20 uniques)	14939 (20 uniques)	5000 (20 uniques)	5000 (20 uniques)
16S_P1_mPNA_NTC	7543	6367	6367	6367 (2288 uniques)	6257 (16 uniques)	5973 (14 uniques)	5973 (12 uniques)	5973 (12 uniques)	5973 (12 uniques)	5973 (10 uniques)	5953 (9 uniques)	5953 (9 uniques)	5000 (9 uniques)	5000 (9 uniques)
16S_P1_mock	86706	74103	74103	74103 (20006 uniques)	73547 (203 uniques)	71687 (462 uniques)	71576 (392 uniques)	61859 (183 uniques)	61859 (183 uniques)	61859 (36 uniques)	61828 (34 uniques)	61827 (33 uniques)	5000 (22 uniques)	5000 (19 uniques)
16S_P237_NOV_2020	25951	21721	21721	21721 (4720 uniques)	21495 (32 uniques)	21400 (27 uniques)	21305 (23 uniques)	21305 (23 uniques)	21305 (23 uniques)	21305 (21 uniques)	19798 (16 uniques)	19798 (16 uniques)	5000 (15 uniques)	5000 (15 uniques)
16S_P26_NOV_2020	93770	79136	79136	79136 (15997 uniques)	78520 (69 uniques)	78025 (58 uniques)	76930 (35 uniques)	76922 (34 uniques)	76922 (34 uniques)	76922 (31 uniques)	75392 (27 uniques)	75392 (27 uniques)	5000 (17 uniques)	5000 (17 uniques)
16S_P2_NTC1	196	73	73	73 (72 uniques)	2 (1 uniques)	2 (1 uniques)	2 (1 uniques)	2 (1 uniques)	2 (1 uniques)	2 (1 uniques)	/	/	/	/
16S_P2_NTC1_pPNA	6161	5183	5183	5183 (1988 uniques)	5081 (22 uniques)	5055 (23 uniques)	5050 (21 uniques)	5050 (21 uniques)	5050 (21 uniques)	5050 (17 uniques)	5033 (14 uniques)	5033 (14 uniques)	5000 (14 uniques)	5000 (14 uniques)
16S_P2_NTC2	426	160	160	160 (123 uniques)	77 (8 uniques)	69 (7 uniques)	69 (7 uniques)	69 (7 uniques)	69 (7 uniques)	69 (7 uniques)	46 (5 uniques)	46 (5 uniques)	/	/
16S_P2_NTC2_pPNA	2577	832	832	832 (442 uniques)	737 (8 uniques)	736 (8 uniques)	725 (6 uniques)	725 (6 uniques)	725 (6 uniques)	725 (6 uniques)	704 (4 uniques)	704 (4 uniques)	/	/
16S_P2_ext_neg_1	15473	13093	13093	13093 (4508 uniques)	12885 (21 uniques)	12811 (24 uniques)	12801 (20 uniques)	12801 (20 uniques)	12801 (20 uniques)	12801 (16 uniques)	12794 (15 uniques)	12794 (15 uniques)	5000 (15 uniques)	5000 (15 uniques)
16S_P2_ext_neg_2	17108	14428	14428	14428 (4337 uniques)	14260 (34 uniques)	14147 (37 uniques)	14147 (30 uniques)	14147 (30 uniques)	14147 (30 uniques)	14147 (22 uniques)	14135 (21 uniques)	14135 (21 uniques)	5000 (21 uniques)	5000 (21 uniques)
16S_P2_mock	68310	58179	58179	58179 (18584 uniques)	57336 (174 uniques)	54638 (395 uniques)	54622 (332 uniques)	45696 (150 uniques)	45696 (150 uniques)	45696 (34 uniques)	45627 (32 uniques)	45627 (32 uniques)	5000 (22 uniques)	5000 (18 uniques)
16S_P2_mock_pPNA	251444	214740	214740	214740 (56841 uniques)	213727 (287 uniques)	208564 (665 uniques)	208500 (542 uniques)	187864 (250 uniques)	187864 (250 uniques)	187864 (60 uniques)	187648 (58 uniques)	187646 (56 uniques)	5000 (25 uniques)	5000 (24 uniques)
16S_P41_NOV_2020	38950	32440	32440	32440 (9211 uniques)	32179 (93 uniques)	31903 (83 uniques)	27418 (55 uniques)	27418 (55 uniques)	27418 (55 uniques)	27418 (48 uniques)	24763 (42 uniques)	24763 (42 uniques)	5000 (40 uniques)	5000 (40 uniques)
16S_P42_NOV_2020	86274	74435	74435	74435 (16233 uniques)	73897 (304 uniques)	73181 (272 uniques)	72751 (258 uniques)	72276 (249 uniques)	72276 (249 uniques)	72276 (238 uniques)	67952 (222 uniques)	67948 (220 uniques)	5000 (156 uniques)	5000 (156 uniques)
16S_P43_NOV_2020	141262	119962	119962	119962 (34911 uniques)	119320 (110 uniques)	118275 (101 uniques)	72898 (70 uniques)	72898 (70 uniques)	72898 (70 uniques)	72898 (64 uniques)	72186 (58 uniques)	72186 (58 uniques)	5000 (48 uniques)	5000 (48 uniques)
16S_P44_NOV_2020	79227	67920	67920	67920 (21585 uniques)	67530 (57 uniques)	67363 (80 uniques)	17574 (28 uniques)	17574 (28 uniques)	17574 (28 uniques)	17574 (24 uniques)	15889 (18 uniques)	15889 (18 uniques)	5000 (18 uniques)	5000 (18 uniques)
